Title:,URL:,Thumbnail:,Channel:,Description:
Dude Perfect vs. Luka Doncic (1-on-1),https://www.youtube.com/watch?v=n_DtpY9wbGg,https://i.ytimg.com/vi/n_DtpY9wbGg/hqdefault.jpg?sqp=-oaymwEcCPYBEIoBSFXyq4qpAw4IARUAAIhCGAFwAcABBg==&rs=AOn4CLCJJukk2QCJkGExyVeGdcs0tPpx8g,Dude Perfect,"Cody vs Luka in 1-on-1, Trick Shots with Luka, and he joins us for Cool Not Cool! Thank you Chime for sponsoring this video! Click this link to learn more https://www.chime.com/dudeperfect/..."
New Year's 2023: Dubai puts on thrilling fireworks show at Burj Khalifa,https://www.youtube.com/watch?v=skO_bVXMWzU,https://i.ytimg.com/vi/skO_bVXMWzU/hqdefault.jpg?sqp=-oaymwEcCPYBEIoBSFXyq4qpAw4IARUAAIhCGAFwAcABBg==&rs=AOn4CLCHv5HB0qN1h8op_rUwQ4UbSiGMpw,Global News,"Dubai held another elaborate New Year's fireworks display at the world's tallest skyscraper, the iconic Burj Khalifa, to ring in 2023. For more info, please go to https://globalnews.ca Subscribe..."
Countdown to 2023: Australia's incredible New Year's Eve celebration,https://www.youtube.com/watch?v=L39jkOhwqII,,FOX 35 Orlando,It's already 2023 in Australia -- and its New Year's celebration was once again one to watch! Courtesy: RTV Subscribe to FOX 35 Orlando: https://bit.ly/3ACagaO Watch FOX 35 Orlando LIVE newscasts:...
Sugar Bowl: Alabama Crimson Tide vs. Kansas State Wildcats | Full Game Highlights,https://www.youtube.com/watch?v=iHsEzApTd6c,,ESPN College Football,"Watch highlights of the Allstate Sugar Bowl as the Alabama Crimson Tide defeat the Kansas State Wildcats, 45-20. Bryce Young threw for over 300 YDS and 5 TDs to five different receivers in..."
"John Cena & Kevin Owens vs. Roman Reigns & Sami Zayn: SmackDown, Dec. 30, 2022",https://www.youtube.com/watch?v=3tApQl8ZTYU,,WWE,"The Cenation Leader returns to SmackDown to join forces with KO against The Head of the Table & The Honorary Uce. Catch WWE action on WWE Network, FOX, USA Network, Sony India and more. #SmackDown..."
"SPENDING $1,000,000 FILLING MY HOUSE",https://www.youtube.com/watch?v=tI3XBVrglEY,,Unspeakable,NEW MERCH! - https://www.unspeakable.com/ PLAY NEW GAMES! - https://www.unspeakable.com/pages/play-games FOLLOW ME! - https://www.unspeakable.com/pages/links MORE VLOGS! - https://www.youtube.co...
YouTube's Terrible Christmas Movies,https://www.youtube.com/watch?v=gKgSvAyPFlU,,Drew Gooden,"Thanks to HelloFresh for sponsoring today's video! To get 21 FREE meals with HelloFresh plus free shipping, use code IMALITTLESTINKER21 at https://bit.ly/3VEfFpm merch: https://www.drewgoodenshop..."
I Made a Theme Park Where Every Ride Is Life Ruining - Indoorlands,https://www.youtube.com/watch?v=OHL9uYzLEJ0,,Let's Game It Out,"Download and play AFK Arena for free ‚ñ∫ https://bit.ly/AFKBeasts_LGIO Get your first beast for free now, and use bonus codes: rynfzjk85y & don2023 to get awesome rewards! JOIN MY STREAMS!..."
We Finally Watched Nukie: The VHS Grading Video,https://www.youtube.com/watch?v=Lbdij5Vi8oY,,RedLetterMedia,"e-Bay listing for Nukie: https://www.ebay.com/itm/225324479952 There's been a growing trend in VHS collecting, which has created an entirely new market for professional VHS grading, very similar..."
Surprise Trade the Right Pok√©mon to Win,https://www.youtube.com/watch?v=DJ2VQ1xb9wA,,MandJTV Plays,We're playing bingo using Surprise Trade in Pok√©mon Scarlet and Violet! Who will win this episode of the John Michael Cup season 2? üìΩÔ∏èSubscribe here! http://bit.ly/mandjtv_plays üëïMerch...
We're Rebuilding Homes in Kentucky for Tornado Survivors,https://www.youtube.com/watch?v=BNO6DjteidM,,Beast Philanthropy,HUGE thank you to our sponsor Nord VPN. 100% of the sponsorship money is used to fund these projects around the world. üåè Get exclusive NordVPN deal here ‚ûµ https://NordVPN.com/beasthelps...
ATEEZ(ÏóêÏù¥Ìã∞Ï¶à) - 'HALAZIA' Official MV,https://www.youtube.com/watch?v=SszP3hlQ55Y,,KQ ENTERTAINMENT,[SPIN OFF : FROM THE WITNESS] Release Date: 2022. 12. 30 iTunes ‚ñ∂ https://apple.co/3G56yY5 Spotify ‚ñ∂ https://spoti.fi/3Cb4xZf Melon ‚ñ∂ http://kko.to/CbEONu6G8v genie ‚ñ∂ http://genie.co.kr/R...
Idaho murders arrest: New details on suspect & investigation | LiveNOW from FOX,https://www.youtube.com/watch?v=mic1W-HzOX8,,LiveNOW from FOX,"A suspect in the killings of four University of Idaho students was arrested in eastern Pennsylvania, a law enforcement official said Friday. Arrest paperwork filed in Monroe County Court said..."
Clash of Clans - 2022 Year in Review,https://www.youtube.com/watch?v=0GVQX3D3V5c,,Clash of Clans,"Welcome to our Museum of 2022 - a humble look back on everything that has happened in Clash of Clans over the course of this year. From our most ambitious update, Clan Capital, to Town Hall..."
Legends Summarized: Journey To The West (Part X),https://www.youtube.com/watch?v=DSHoJA7qapc,,Overly Sarcastic Productions,"Journey to the West Kai, episode 7: Double Trouble FIRST EPISODE: https://www.youtube.com/watch?v=61nuXrvqNgI PREVIOUS EPISODE: https://youtu.be/Pl-xwJa-XuM FULL SERIES: https://www.youtube.com/pl..."
"Andrew Tate, Brother Arrested in Connection to Human-Trafficking Case in Romania | PEOPLE",https://www.youtube.com/watch?v=o-XvtU4o6P4,,People,"Former professional kickboxer Andrew Tate has been arrested in Romania in connection with human trafficking, rape and forming an organized crime group, officials confirmed to multiple news..."
Capital One Orange Bowl: Tennessee Volunteers vs. Clemson Tigers | Full Game Highlights,https://www.youtube.com/watch?v=LvUWWciggHc,,ESPN College Football,Check out these highlights from the Tennessee Volunteers' Orange Bowl victory over the Clemson Tigers. Vols QB Joe Milton led the way with 251 YDS & 3 TD. ‚úîÔ∏èSubscribe to ESPN+ http://espnplus....
The Commercial Failure - Scott The Woz,https://www.youtube.com/watch?v=qQQi0WfuNQw,,Scott The Woz,Scott talks about a few commercial failures throughout gaming history. Surely the uDraw Game Tablet won't show up. Twitter: https://www.twitter.com/ScottTheWoz Facebook: https://www.facebook.com/...
"Minecraft, But I Can't Leave This Chunk (#7)",https://www.youtube.com/watch?v=Y3DuN1P2ReE,,WadZee,"Today I played Minecraft but I cant leave this cunk! In this Minecraft Lets Play, the world GROWS every episode by an increasing amount. Today is episode 7, so the border will expand 7 blocks..."
I tried The Rock's morning routine,https://www.youtube.com/watch?v=bkwdT00mAb4,,ryan trahan,"it‚Äôs about drive and power, respectively sign up for notion for FREE using my link - https://ntn.so/ryantrahan"
